season,team,pfr_player_id,player,pos_group,side,start_week,end_week,games_missed,body_region,injury_label,went_on_ir,out_at_season_end,season_ending,ongoing
2020,CAR,McCaCh01,Christian McCaffrey,RB,Offense,3,8,6,Shoulder,Shoulder,True,False,False,False
2020,CAR,McCaCh01,Christian McCaffrey,RB,Offense,10,16,6,Shoulder,Shoulder,False,True,False,False
2020,NYG,BarkSa00,Saquon Barkley,RB,Offense,3,16,13,Unspecified (IR),,True,True,True,False
2020,DAL,ElliEz00,Ezekiel Elliott,RB,Offense,15,15,1,Lower Leg,Calf,False,False,False,False
2020,NO,ThomMi05,Michael Thomas,WR,Offense,2,8,6,Ankle,Ankle,False,False,False,False
2020,NO,ThomMi05,Michael Thomas,WR,Offense,15,16,2,Ankle,Ankle,True,True,True,False
2020,KC,EdwaCl00,Clyde Edwards-Helaire,RB,Offense,16,16,1,Ankle,Ankle,False,True,False,False
2020,MIN,CookDa01,Dalvin Cook,RB,Offense,6,6,1,Hip / Groin,Groin,False,False,False,False
2020,LV,JacoJo01,Josh Jacobs,RB,Offense,13,13,1,Ankle,Ankle,False,False,False,False
2020,GB,AdamDa01,Davante Adams,WR,Offense,3,4,2,Hamstring,Hamstring,False,False,False,False
2020,LAC,EkelAu00,Austin Ekeler,RB,Offense,5,11,6,Hamstring,Hamstring,True,False,False,False
2020,PHI,SandMi01,Miles Sanders,RB,Offense,1,1,1,Hamstring,Hamstring,False,False,False,False
2020,PHI,SandMi01,Miles Sanders,RB,Offense,7,8,2,Knee,Knee,False,False,False,False
2020,CIN,MixoJo00,Joe Mixon,RB,Offense,7,16,9,Foot / Toe,Foot,True,True,True,False
2020,ATL,JoneJu02,Julio Jones,WR,Offense,3,3,1,Hamstring,Hamstring,False,False,False,False
2020,ATL,JoneJu02,Julio Jones,WR,Offense,5,5,1,Hamstring,Hamstring,False,False,False,False
2020,ATL,JoneJu02,Julio Jones,WR,Offense,12,12,1,Hamstring,Hamstring,False,False,False,False
2020,ATL,JoneJu02,Julio Jones,WR,Offense,14,16,3,Hamstring,Hamstring,False,True,False,False
2020,ARI,DrakKe00,Kenyan Drake,RB,Offense,9,9,1,Ankle,Ankle,False,False,False,False
2020,CLE,ChubNi00,Nick Chubb,RB,Offense,5,8,4,Unspecified (IR),,True,False,False,False
2020,GB,JoneAa00,Aaron Jones Sr.,RB,Offense,7,8,2,Lower Leg,Calf,False,False,False,False
2020,TB,GodwCh00,Chris Godwin Jr.,WR,Offense,2,2,1,Head / Concussion,Concussion,False,False,False,False
2020,TB,GodwCh00,Chris Godwin Jr.,WR,Offense,4,5,2,Hamstring,Hamstring,False,False,False,False
2020,TB,GodwCh00,Chris Godwin Jr.,WR,Offense,8,8,1,Hand / Wrist,Finger,False,False,False,False
2020,PIT,ConnJa00,James Conner,RB,Offense,15,15,1,Quad / Thigh,Quadricep,False,False,False,False
2020,SF,KittGe00,George Kittle,TE,Offense,2,3,2,Knee,Knee,False,False,False,False
2020,SF,KittGe00,George Kittle,TE,Offense,9,15,6,Foot / Toe,Foot,True,False,False,False
2020,DET,GollKe00,Kenny Golladay,WR,Offense,1,2,2,Hamstring,Hamstring,False,False,False,False
2020,DET,GollKe00,Kenny Golladay,WR,Offense,9,16,8,Hip / Groin,Hip,False,True,False,False
2020,SEA,CarsCh00,Chris Carson,RB,Offense,8,11,4,Foot / Toe,Foot,False,False,False,False
2020,HOU,JohnDa08,David Johnson,RB,Offense,10,12,3,Head / Concussion,Concussion,True,False,False,False
2020,ATL,GurlTo01,Todd Gurley,RB,Offense,12,12,1,Knee,Knee,False,False,False,False
2020,TB,FourLe00,Leonard Fournette,RB,Offense,4,4,1,Ankle,Ankle,False,False,False,False
2020,TB,FourLe00,Leonard Fournette,RB,Offense,6,6,1,Ankle,Ankle,False,False,False,False
2020,CLE,BeckOd00,Odell Beckham Jr.,WR,Offense,8,16,8,Unspecified (IR),,True,True,True,False
2020,ATL,RidlCa00,Calvin Ridley,WR,Offense,9,9,1,Foot / Toe,Foot,False,False,False,False
2020,BAL,AndrMa00,Mark Andrews,TE,Offense,12,13,2,Quad / Thigh,Thigh,False,False,False,False
2020,BAL,IngrMa01,Mark Ingram II,RB,Offense,8,9,2,Ankle,Ankle,False,False,False,False
2020,TEN,BrowAJ00,A.J. Brown,WR,Offense,2,3,2,Knee,Knee,False,False,False,False
2021,CAR,McCaCh01,Christian McCaffrey,RB,Offense,4,8,5,Hamstring,Hamstring,True,False,False,False
2021,CAR,McCaCh01,Christian McCaffrey,RB,Offense,14,17,4,Unspecified (IR),,True,True,True,False
2021,MIN,CookDa01,Dalvin Cook,RB,Offense,3,3,1,Ankle,Ankle,False,False,False,False
2021,MIN,CookDa01,Dalvin Cook,RB,Offense,5,5,1,Ankle,Ankle,False,False,False,False
2021,MIN,CookDa01,Dalvin Cook,RB,Offense,13,13,1,Shoulder,Shoulder,False,False,False,False
2021,MIN,CookDa01,Dalvin Cook,RB,Offense,16,16,1,Shoulder,Shoulder,False,False,False,False
2021,NO,KamaAl00,Alvin Kamara,RB,Offense,10,13,4,Knee,Knee,False,False,False,False
2021,TEN,HenrDe00,Derrick Henry,RB,Offense,9,17,8,Unspecified (IR),,True,True,True,False
2021,GB,JoneAa00,Aaron Jones Sr.,RB,Offense,11,11,1,Knee,Knee,False,False,False,False
2021,CLE,ChubNi00,Nick Chubb,RB,Offense,6,7,2,Lower Leg,Calf,False,False,False,False
2021,NYG,BarkSa00,Saquon Barkley,RB,Offense,6,9,4,Ankle,Ankle,False,False,False,False
2021,WAS,GibsAn00,Antonio Gibson,RB,Offense,17,17,1,Hip / Groin,Hip,False,True,False,False
2021,ARI,HopkDe00,DeAndre Hopkins,WR,Offense,9,11,3,Hamstring,Hamstring,False,False,False,False
2021,ARI,HopkDe00,DeAndre Hopkins,WR,Offense,15,17,3,Knee,Knee,True,True,True,False
2021,KC,EdwaCl00,Clyde Edwards-Helaire,RB,Offense,6,10,5,Knee,Knee,True,False,False,False
2021,KC,EdwaCl00,Clyde Edwards-Helaire,RB,Offense,17,17,1,Shoulder,Shoulder,False,True,False,False
2021,LV,WallDa01,Darren Waller,TE,Offense,7,7,1,Ankle,Ankle,False,False,False,False
2021,LV,WallDa01,Darren Waller,TE,Offense,13,17,5,Back,Back,False,True,False,False
2021,TEN,BrowAJ00,A.J. Brown,WR,Offense,4,4,1,Hamstring,Hamstring,False,False,False,False
2021,TEN,BrowAJ00,A.J. Brown,WR,Offense,12,15,3,Chest / Ribs,Chest,True,False,False,False
2021,CHI,MontDa01,David Montgomery,RB,Offense,5,8,4,Knee,Knee,True,False,False,False
2021,SEA,CarsCh00,Chris Carson,RB,Offense,5,17,12,Neck,Neck,True,True,True,False
2021,SF,KittGe00,George Kittle,TE,Offense,5,8,3,Lower Leg,Calf,True,False,False,False
2021,JAX,RobiJa00,James Robinson,RB,Offense,9,9,1,Foot / Toe,Heel,False,False,False,False
2021,JAX,RobiJa00,James Robinson,RB,Offense,17,17,1,Knee,Knee,True,True,True,False
2021,DAL,LambCe00,CeeDee Lamb,WR,Offense,12,12,1,Head / Concussion,Concussion,False,False,False,False
2021,CHI,RobiAl02,Allen Robinson II,WR,Offense,11,13,3,Hamstring,Hamstring,False,False,False,False
2021,DET,SwifDA00,D'Andre Swift,RB,Offense,13,16,4,Shoulder,Shoulder,False,False,False,False
2021,LA,WoodRo02,Robert Woods,WR,Offense,10,17,7,Knee,Knee,True,True,True,False
2021,LV,JacoJo01,Josh Jacobs,RB,Offense,2,3,2,Foot / Toe,Toe,False,False,False,False
2021,TB,EvanMi00,Mike Evans,WR,Offense,16,16,1,Hamstring,Hamstring,False,False,False,False
2021,PHI,SandMi01,Miles Sanders,RB,Offense,8,10,3,Ankle,Ankle,True,False,False,False
2021,PHI,SandMi01,Miles Sanders,RB,Offense,17,17,1,Hand / Wrist,Hand,False,True,False,False
2021,DAL,CoopAm00,Amari Cooper,WR,Offense,11,12,2,Hamstring,Hamstring,False,False,False,False
2021,ARI,MurrKy00,Kyler Murray,QB,Offense,9,11,3,Ankle,Ankle,False,False,False,False
2021,LA,HendDa00,Darrell Henderson Jr.,RB,Offense,3,3,1,Chest / Ribs,Rib,False,False,False,False
2021,LA,HendDa00,Darrell Henderson Jr.,RB,Offense,13,14,2,Quad / Thigh,Thigh,False,False,False,False
2021,LA,HendDa00,Darrell Henderson Jr.,RB,Offense,17,17,1,Unspecified (IR),,True,True,True,False
2021,PIT,JohnDi01,Diontae Johnson,WR,Offense,3,3,1,Knee,Knee,False,False,False,False
2021,TEN,JoneJu02,Julio Jones,WR,Offense,4,5,2,Hamstring,Hamstring,False,False,False,False
2021,TEN,JoneJu02,Julio Jones,WR,Offense,8,8,1,Hamstring,Hamstring,False,False,False,False
2021,TEN,JoneJu02,Julio Jones,WR,Offense,10,12,3,Hamstring,Hamstring,True,False,False,False
2022,IND,TaylJo02,Jonathan Taylor,RB,Offense,5,6,2,Ankle,Ankle,False,False,False,False
2022,IND,TaylJo02,Jonathan Taylor,RB,Offense,9,9,1,Ankle,Ankle,False,False,False,False
2022,IND,TaylJo02,Jonathan Taylor,RB,Offense,16,17,2,Unspecified (IR),,True,True,True,False
2022,TEN,HenrDe00,Derrick Henry,RB,Offense,17,17,1,Hip / Groin,Hip,False,True,False,False
2022,LA,KuppCo00,Cooper Kupp,WR,Offense,11,17,7,Unspecified (IR),,True,True,True,False
2022,CIN,ChasJa00,Ja'Marr Chase,WR,Offense,8,12,4,Hip / Groin,Hip,False,False,False,False
2022,CIN,MixoJo00,Joe Mixon,RB,Offense,12,13,2,Head / Concussion,Concussion,False,False,False,False
2022,NO,KamaAl00,Alvin Kamara,RB,Offense,2,2,1,Chest / Ribs,Rib,False,False,False,False
2022,NO,KamaAl00,Alvin Kamara,RB,Offense,4,4,1,Chest / Ribs,Rib,False,False,False,False
2022,DET,SwifDA00,D'Andre Swift,RB,Offense,4,7,3,Shoulder,Shoulder,False,False,False,False
2022,SF,SamuDe00,Deebo Samuel Sr.,WR,Offense,8,8,1,Hamstring,Hamstring,False,False,False,False
2022,SF,SamuDe00,Deebo Samuel Sr.,WR,Offense,15,17,3,Ankle,Ankle,False,True,False,False
2022,DEN,WillJa10,Javonte Williams,RB,Offense,5,17,12,Knee,Knee,True,True,True,False
2022,TB,FourLe00,Leonard Fournette,RB,Offense,12,12,1,Hip / Groin,Hip,False,False,False,False
2022,IND,PittMi01,Michael Pittman Jr.,WR,Offense,2,2,1,Quad / Thigh,Quadricep,False,False,False,False
2022,BAL,AndrMa00,Mark Andrews,TE,Offense,9,9,1,Knee,Knee,False,False,False,False
2022,DAL,ElliEz00,Ezekiel Elliott,RB,Offense,8,10,2,Knee,Knee,False,False,False,False
2022,ARI,ConnJa00,James Conner,RB,Offense,6,8,3,Chest / Ribs,Ribs,False,False,False,False
2022,LAC,AlleKe00,Keenan Allen,WR,Offense,2,6,5,Hamstring,Hamstring,False,False,False,False
2022,LAC,AlleKe00,Keenan Allen,WR,Offense,9,10,2,Hamstring,Hamstring,False,False,False,False
2022,ATL,PittKy00,Kyle Pitts Sr.,TE,Offense,5,5,1,Hamstring,Hamstring,False,False,False,False
2022,ATL,PittKy00,Kyle Pitts Sr.,TE,Offense,12,17,5,Unspecified (IR),,True,True,True,False
2022,BAL,DobbJK00,J.K. Dobbins,RB,Offense,1,2,2,Knee,Knee,False,False,False,False
2022,BAL,DobbJK00,J.K. Dobbins,RB,Offense,7,13,6,Knee,Knee,True,False,False,False
2022,CHI,MontDa01,David Montgomery,RB,Offense,4,4,1,Ankle,Ankle,False,False,False,False
2022,LAC,WillMi07,Mike Williams,WR,Offense,9,10,2,Ankle,Ankle,False,False,False,False
2022,LAC,WillMi07,Mike Williams,WR,Offense,12,13,2,Ankle,Ankle,False,False,False,False
2022,SF,MitcEl00,Elijah Mitchell,RB,Offense,2,8,7,Unspecified (IR),,True,False,False,False
2022,SF,MitcEl00,Elijah Mitchell,RB,Offense,13,17,5,Knee,Knee,True,True,True,False
2022,SF,KittGe00,George Kittle,TE,Offense,1,2,2,Hip / Groin,Groin,False,False,False,False
2022,NYJ,HallBr03,Breece Hall,RB,Offense,8,17,9,Unspecified (IR),,True,True,True,False
2022,DEN,SuttCo00,Courtland Sutton,WR,Offense,14,15,2,Hamstring,Hamstring,False,False,False,False
2023,MIN,JeffJu00,Justin Jefferson,WR,Offense,6,12,7,Hamstring,Hamstring,True,False,False,False
2023,CIN,ChasJa00,Ja'Marr Chase,WR,Offense,16,16,1,Shoulder,Shoulder,False,False,False,False
2023,MIA,HillTy00,Tyreek Hill,WR,Offense,15,15,1,Ankle,Ankle,False,False,False,False
2023,LAC,EkelAu00,Austin Ekeler,RB,Offense,2,4,3,Ankle,Ankle,False,False,False,False
2023,KC,KelcTr00,Travis Kelce,TE,Offense,1,1,1,Knee,Knee,False,False,False,False
2023,LA,KuppCo00,Cooper Kupp,WR,Offense,1,4,4,Hamstring,Hamstring,True,False,False,False
2023,NYG,BarkSa00,Saquon Barkley,RB,Offense,3,5,3,Ankle,Ankle,False,False,False,False
2023,CLE,ChubNi00,Nick Chubb,RB,Offense,3,17,14,Unspecified (IR),,True,True,True,False
2023,DET,StxxAm00,Amon-Ra St. Brown,WR,Offense,5,5,1,Core / Abdomen,Abdomen,False,False,False,False
2023,MIA,WaddJa00,Jaylen Waddle,WR,Offense,3,3,1,Head / Concussion,Concussion,False,False,False,False
2023,MIA,WaddJa00,Jaylen Waddle,WR,Offense,17,17,1,Ankle,Ankle,False,True,False,False
2023,NO,OlavCh00,Chris Olave,WR,Offense,15,15,1,Ankle,Ankle,False,False,False,False
2023,LV,JacoJo01,Josh Jacobs,RB,Offense,15,17,3,Quad / Thigh,Quadricep,False,True,False,False
2023,NE,StevRh00,Rhamondre Stevenson,RB,Offense,14,17,4,Ankle,Ankle,True,True,True,False
2023,IND,TaylJo02,Jonathan Taylor,RB,Offense,13,15,3,Hand / Wrist,Thumb,False,False,False,False
2023,CIN,HiggTe00,Tee Higgins,WR,Offense,5,5,1,Chest / Ribs,Ribs,False,False,False,False
2023,CIN,HiggTe00,Tee Higgins,WR,Offense,10,12,3,Hamstring,Hamstring,False,False,False,False
2023,BAL,AndrMa00,Mark Andrews,TE,Offense,1,1,1,Quad / Thigh,Quadricep,False,False,False,False
2023,BAL,AndrMa00,Mark Andrews,TE,Offense,12,17,5,Ankle,Ankle,True,True,True,False
2023,LAC,AlleKe00,Keenan Allen,WR,Offense,15,17,3,Foot / Toe,Heel,False,True,False,False
2023,SEA,MetcDK00,DK Metcalf,WR,Offense,7,7,1,Chest / Ribs,Ribs,False,False,False,False
2023,DET,GibbJa01,Jahmyr Gibbs,RB,Offense,5,6,2,Hamstring,Hamstring,False,False,False,False
2023,SF,SamuDe00,Deebo Samuel Sr.,WR,Offense,7,8,2,Shoulder,Shoulder,False,False,False,False
2023,GB,JoneAa00,Aaron Jones Sr.,RB,Offense,2,3,2,Hamstring,Hamstring,False,False,False,False
2023,GB,JoneAa00,Aaron Jones Sr.,RB,Offense,5,5,1,Hamstring,Hamstring,False,False,False,False
2023,GB,JoneAa00,Aaron Jones Sr.,RB,Offense,12,14,3,Knee,Knee,False,False,False,False
2023,CIN,BurrJo01,Joe Burrow,QB,Offense,12,17,6,Hand / Wrist,right Wrist,True,True,True,False
2023,ATL,LondDr00,Drake London,WR,Offense,9,9,1,Hip / Groin,Groin,False,False,False,False
2023,MIN,HockTJ00,T.J. Hockenson,TE,Offense,17,17,1,Unspecified (IR),,True,True,True,False
2023,DEN,JeudJe00,Jerry Jeudy,WR,Offense,1,1,1,Hamstring,Hamstring,False,False,False,False
2023,SEA,WalkKe00,Kenneth Walker,RB,Offense,12,13,2,Core / Abdomen,Oblique,False,False,False,False
2024,SF,McCaCh01,Christian McCaffrey,RB,Offense,1,8,8,Lower Leg,Calf,True,False,False,False
2024,SF,McCaCh01,Christian McCaffrey,RB,Offense,14,17,4,Unspecified (IR),,True,True,True,False
2024,NYJ,HallBr03,Breece Hall,RB,Offense,14,14,1,Knee,Knee,False,False,False,False
2024,DAL,LambCe00,CeeDee Lamb,WR,Offense,17,17,1,Shoulder,Shoulder,True,True,True,False
2024,IND,TaylJo02,Jonathan Taylor,RB,Offense,5,7,3,Ankle,Ankle,False,False,False,False
2024,PHI,BrowAJ00,A.J. Brown,WR,Offense,2,4,3,Hamstring,Hamstring,False,False,False,False
2024,LA,NacuPu00,Puka Nacua,WR,Offense,2,7,5,Knee,Knee,True,False,False,False
2024,JAX,EtieTr00,Travis Etienne Jr.,RB,Offense,7,8,2,Hamstring,Hamstring,False,False,False,False
2024,LA,KuppCo00,Cooper Kupp,WR,Offense,3,7,4,Ankle,Ankle,False,False,False,False
2024,KC,PachIs00,Isiah Pacheco,RB,Offense,3,12,9,Ankle,Ankle,True,False,False,False
2024,LV,AdamDa01,Davante Adams,WR,Offense,4,6,3,Hamstring,Hamstring,False,False,False,False
2024,SF,SamuDe00,Deebo Samuel Sr.,WR,Offense,3,3,1,Lower Leg,Calf,False,False,False,False
2024,NO,OlavCh00,Chris Olave,WR,Offense,7,7,1,Head / Concussion,Concussion,False,False,False,False
2024,NO,OlavCh00,Chris Olave,WR,Offense,10,17,7,Head / Concussion,Concussion,True,True,True,False
2024,TB,WhitRa01,Rachaad White,RB,Offense,6,6,1,Foot / Toe,Foot,False,False,False,False
2024,MIA,WaddJa00,Jaylen Waddle,WR,Offense,16,17,2,Knee,Knee,False,True,False,False
2024,DET,LaPoSa01,Sam LaPorta,TE,Offense,11,11,1,Shoulder,Shoulder,False,False,False,False
2024,BUF,CookJa01,James Cook III,RB,Offense,6,6,1,Foot / Toe,Toe,False,False,False,False
2024,HOU,CollNi00,Nico Collins,WR,Offense,6,10,5,Hamstring,Hamstring,True,False,False,False
2024,NO,KamaAl00,Alvin Kamara,RB,Offense,16,17,2,Hip / Groin,Groin,False,True,False,False
2024,TB,EvanMi00,Mike Evans,WR,Offense,8,10,3,Hamstring,Hamstring,False,False,False,False
2024,HOU,MixoJo00,Joe Mixon,RB,Offense,3,5,3,Ankle,Ankle,False,False,False,False
2024,SEA,WalkKe00,Kenneth Walker,RB,Offense,2,3,2,Core / Abdomen,Oblique,False,False,False,False
2024,SEA,WalkKe00,Kenneth Walker,RB,Offense,14,15,2,Ankle,Ankle,False,False,False,False
2024,SEA,WalkKe00,Kenneth Walker,RB,Offense,17,17,1,Ankle,Ankle,False,True,False,False
2024,PHI,HurtJa00,Jalen Hurts,QB,Offense,17,17,1,Head / Concussion,Concussion,False,True,False,False
2024,PHI,SmitDe07,DeVonta Smith,WR,Offense,4,4,1,Head / Concussion,Concussion,False,False,False,False
2024,PHI,SmitDe07,DeVonta Smith,WR,Offense,12,13,2,Hamstring,Hamstring,False,False,False,False
2024,NYG,NabeMa00,Malik Nabers,WR,Offense,5,6,2,Head / Concussion,Concussion,False,False,False,False
2024,SEA,MetcDK00,DK Metcalf,WR,Offense,8,9,2,Knee,Knee,False,False,False,False
2024,HOU,DiggSt00,Stefon Diggs,WR,Offense,9,17,8,Knee,Knee,True,True,True,False
2024,IND,PittMi01,Michael Pittman Jr.,WR,Offense,10,10,1,Back,Back,False,False,False,False
2025,DAL,LambCe00,CeeDee Lamb,WR,Offense,4,6,3,Ankle,Ankle,False,False,False,False
2025,NYG,NabeMa00,Malik Nabers,WR,Offense,5,17,12,Shoulder,Shoulder,True,True,True,False
2025,LA,NacuPu00,Puka Nacua,WR,Offense,7,7,1,Ankle,Ankle,False,False,False,False
2025,HOU,CollNi00,Nico Collins,WR,Offense,8,8,1,Head / Concussion,Concussion,False,False,False,False
2025,JAX,ThomBr06,Brian Thomas Jr.,WR,Offense,10,12,3,Ankle,Ankle,False,False,False,False
2025,ATL,LondDr00,Drake London,WR,Offense,8,8,1,Hip / Groin,Hip,False,False,False,False
2025,ATL,LondDr00,Drake London,WR,Offense,12,15,4,Knee,Knee,False,False,False,False
2025,GB,JacoJo01,Josh Jacobs,RB,Offense,12,12,1,Knee,Knee,False,False,False,False
2025,PHI,BrowAJ00,A.J. Brown,WR,Offense,8,8,1,Hamstring,Hamstring,False,False,False,False
2025,TB,IrviBu00,Bucky Irving,RB,Offense,5,12,7,Foot / Toe,Foot,False,False,False,False
2025,CIN,HiggTe00,Tee Higgins,WR,Offense,13,13,1,Head / Concussion,Concussion,False,False,False,False
2025,CIN,HiggTe00,Tee Higgins,WR,Offense,15,15,1,Head / Concussion,Concussion,False,False,False,False
2025,BAL,JackLa00,Lamar Jackson,QB,Offense,5,8,3,Hamstring,Hamstring,False,False,False,False
2025,BAL,JackLa00,Lamar Jackson,QB,Offense,17,17,1,Back,Back,False,True,False,False
2025,MIA,HillTy00,Tyreek Hill,WR,Offense,5,17,12,Unspecified (IR),,True,True,True,False
2025,LV,BoweBr01,Brock Bowers,TE,Offense,5,7,3,Knee,Knee,False,False,False,False
2025,LV,BoweBr01,Brock Bowers,TE,Offense,17,17,1,Unspecified (IR),,True,True,True,False
2025,LA,AdamDa01,Davante Adams,WR,Offense,16,17,2,Knee,Knee,False,True,False,False
2025,NO,KamaAl00,Alvin Kamara,RB,Offense,13,17,5,Knee,Knee,False,True,False,False
2025,TB,EvanMi00,Mike Evans,WR,Offense,4,6,3,Hamstring,Hamstring,False,False,False,False
2025,TB,EvanMi00,Mike Evans,WR,Offense,8,14,6,Shoulder,Collarbone,True,False,False,False
2025,CIN,BurrJo01,Joe Burrow,QB,Offense,3,12,9,Foot / Toe,Toe,True,False,False,False
2025,WAS,DaniJa02,Jayden Daniels,QB,Offense,3,4,2,Knee,Knee,False,False,False,False
2025,WAS,DaniJa02,Jayden Daniels,QB,Offense,8,8,1,Hamstring,Hamstring,False,False,False,False
2025,WAS,DaniJa02,Jayden Daniels,QB,Offense,10,13,3,Arm / Elbow,Elbow,False,False,False,False
2025,WAS,DaniJa02,Jayden Daniels,QB,Offense,15,17,3,Arm / Elbow,Elbow,False,True,False,False
2025,WAS,McLaTe00,Terry McLaurin,WR,Offense,4,7,4,Quad / Thigh,Quadricep,False,False,False,False
2025,WAS,McLaTe00,Terry McLaurin,WR,Offense,9,11,3,Quad / Thigh,Quadricep,False,False,False,False
2025,LAC,HampOm00,Omarion Hampton,RB,Offense,6,13,7,Ankle,Ankle,True,False,False,False
2025,ARI,HarrMa09,Marvin Harrison Jr.,WR,Offense,14,15,2,Foot / Toe,Heel,False,False,False,False
2025,NYJ,WilsGa00,Garrett Wilson,WR,Offense,7,8,2,Knee,Knee,False,False,False,False
2025,NYJ,WilsGa00,Garrett Wilson,WR,Offense,11,17,7,Knee,Knee,True,True,True,False
2025,CAR,HubbCh01,Chuba Hubbard,RB,Offense,5,6,2,Lower Leg,Calf,False,False,False,False
2025,ARI,ConnJa00,James Conner,RB,Offense,4,17,13,Foot / Toe,Foot,True,True,True,False
2025,SF,KittGe00,George Kittle,TE,Offense,2,6,5,Hamstring,Hamstring,True,False,False,False
2025,SF,KittGe00,George Kittle,TE,Offense,17,17,1,Ankle,Ankle,False,True,False,False
2026,LA,NacuPu00,Puka Nacua,WR,Offense,2,3,2,Hip / Groin,Hip,False,True,False,True
2026,NE,BrowAJ00,A.J. Brown,WR,Offense,2,3,2,Unspecified (IR),,True,True,False,True
2026,LV,BoweBr01,Brock Bowers,TE,Offense,1,2,2,Knee,Knee,False,False,False,False
2026,HOU,CollNi00,Nico Collins,WR,Offense,2,3,2,Hamstring,Hamstring,False,True,False,True
2026,BAL,FlowZa00,Zay Flowers,WR,Offense,2,2,1,Hamstring,Hamstring,False,False,False,False
