team,picks,pct_injured,pct_missed_4plus,games_lost_per_pick
ARI,9,0.667,0.222,3.111
ATL,13,0.462,0.231,1.538
BAL,12,0.5,0.25,1.917
BUF,11,0.091,0.0,0.091
CAR,6,0.5,0.333,3.833
CHI,7,0.429,0.143,1.143
CIN,15,0.533,0.333,2.467
CLE,6,0.667,0.5,4.667
DAL,11,0.545,0.0,0.909
DEN,5,0.6,0.2,3.0
DET,10,0.6,0.2,2.1
GB,8,0.625,0.125,1.5
HOU,5,1.0,0.4,4.0
IND,8,0.625,0.125,1.625
JAX,6,0.5,0.0,1.167
KC,15,0.267,0.133,1.133
LA,14,0.571,0.429,2.429
LAC,11,0.545,0.364,2.727
LV,9,0.667,0.222,2.111
MIA,9,0.444,0.111,1.889
MIN,11,0.364,0.182,1.182
NE,1,1.0,1.0,4.0
NO,8,0.875,0.5,3.75
NYG,6,0.833,0.5,5.667
NYJ,7,0.429,0.286,2.714
PHI,13,0.462,0.077,1.154
PIT,8,0.25,0.0,0.25
SEA,10,0.6,0.3,2.6
SF,11,0.818,0.455,4.545
TB,10,0.8,0.3,2.8
TEN,8,0.625,0.375,2.625
WAS,5,0.6,0.4,3.4
